{
	"pattrstorage" : 	{
		"name" : "example",
		"slots" : 		{
			"1" : 			{
				"id" : 1,
				"data" : 				{
					"flonum" : [ -0.831 ],
					"flonum[10]" : [ 1.0 ],
					"flonum[11]" : [ 0.0 ],
					"flonum[12]" : [ 0.0 ],
					"flonum[1]" : [ 0.83 ],
					"flonum[2]" : [ 0.0 ],
					"flonum[34]" : [ 1.0 ],
					"flonum[35]" : [ 0.0 ],
					"flonum[36]" : [ 0.0 ],
					"flonum[3]" : [ 1.518 ],
					"flonum[4]" : [ -1.13 ],
					"flonum[6]" : [ 1.0 ],
					"flonum[7]" : [ 0.0 ],
					"flonum[8]" : [ 1.0 ],
					"flonum[9]" : [ 1.0 ],
					"number" : [ 0 ],
					"toggle" : [ 1 ],
					"toggle[1]" : [ 1 ]
				}

			}

		}

	}

}
